sample_ID,Patient ID,Sex,Age,Clinical Score,ABO Type,Rhesus pos or neg,HLA-A,HLA-B,HLA-C,HLA-DRB1,HLA-DQB1,HLA-DPB1,FVL,Prothrombin,Unnamed: 15,Clinical_Score_
1,708-867-971,f,47.0,2,O,pos,3; 30,35; 51,4; 14,1; 7,2; 5,4; 17,WT,WT,,0
2,346-355-976,m,51.0,2,O,pos,2; 3,7; 44,5; 7,4; 15,3; 6,4; 14,WT,WT,,0
3,761-746-459,f,34.0,2,O,pos,25; 32,14; 18,8; 12,7; 14,2; 5,4; 10,WT,WT,,0
4,004-593-110,f,52.0,2,O,pos,2;,15; 40,3; 3,11; 13,3; 6,3; 4,WT,WT,,0
5,017-335-188,f,27.0,2,A,pos,1;,8; 37,6; 7,3; 10,2; 5,4; 4,het,WT,,0
6,870-646-619,m,67.0,2,A,pos,2; 11,27; 51,2; 15,4; 9,3; 3,4; 4,WT,WT,,0
7,659-408-92x,m,78.0,6,B,pos,1; 25,8; 18,7; 12,3; 4,2; 3,4; 4,WT,WT,,1
8,699-311-182,f,71.0,6,A,pos,11; 26,35;,4;,14; 15,5; 6,1; 4,WT,WT,,1
9,450-219-876,m,52.0,7,A,pos,1; 2,15; 51,1; 7,11; 13,3; 6,124; 4,WT,WT,,1
10,297-448-965,m,61.0,6,A,pos,2; 3,7; 51,2; 7,11; 15,3; 6,2; 4,hom,WT,,1
11,625-760-53x,m,37.0,2,O,pos,2; 26,38; 40,3; 12,13; 13,3; 6,4; 4,,,,0
12,862-032-831,m,32.0,4,O,pos,2;3,42;57,17;18,3;13,4;6,1;2,WT,WT,,1
13,476-950-137,f,68.0,4,O,neg,32; 69,7; 38,7; 12,15; 15,6; 6,4; 4,WT,WT,,1
14,151-444-143,f,40.0,1,A,neg,2; 30,7; 13,6; 7,7; 11,2; 3,4; 14,WT,WT,,0
15,160-174-298,m,47.0,2,O,pos,2; 24,15; 51,3; 14,13; 13,6; 6,4; 4,,,,0
16,472-634-227,m,46.0,2,A,pos,2; 11,8; 27,1; 7,4; 15,3; 6,2; 14,WT,WT,,0
17,090-457-059,m,41.0,1,O,pos,2; 11,7; 7,7; 7,4; 15,3; 6,4; 4,,,,0
18,455-193-093,f,37.0,2,A,pos,2; 3,15; 37,3; 6,4; 10,3; 5,3; 4,WT,WT,,0
19,396-532-546,m,67.0,4,AB,pos,2;31,41;51,15;17,11;,3,4;4,WT,WT,,1
20,325-806-123,m,50.0,4,AB+,pos,2; 24,51; 55,3; 16,4; 16,3; 5,1; 416,WT,WT,,1
21,349-399-084,f,22.0,2,B,pos,3; 26,27; 56,1; 1,15; 16,5; 6,4; 10,WT,WT,,0
22,138-105-348,f,35.0,2,O,pos,2; 24,51; 51,1; 2,11;,3; 3,4; 4,WT,WT,,0
23,155-064-925,m,27.0,2,A,pos,2; 2,15; 51,3; 4,3; 4,2; 3,4; 4,WT,WT,,0
24,181-281-990,m,50.0,4,A,pos,2; 3,15; 41,14; 17,3; 4,2; 3,3; 650,WT,WT,,1
25,476-718-128,m,65.0,4,A,pos,2;29,7;40,3;15,1;10,5,4;10,het,WT,,1
26,700-789-816,f,64.0,2,O,pos,2; 24,7; 44,4; 7,7; 15,2; 6,4; 14,WT,WT,,0
27,773-617-290,f,66.0,2,O,pos,1; 3,7; 35,4; 7,7; 15,2; 6,4; 4,WT,WT,,0
28,932-079-477,f,64.0,4,O,pos,1; 3,7; 35,4; 7,7; 15,2; 6,4; 4,WT,WT,,1
29,420-806-63x,m,65.0,2,O,pos,2; 2,15; 51,1; 3,1; 4,3; 5,2; 4,WT,WT,,0
30,577-300-969,f,63.0,1,O,pos,2; 3,15; 18,3; 12,1; 11,3; 5,1; 4,WT,WT,,0
31,113-068-17x,f,45.0,3,B,pos,3; 32,7; 39,7; 12,8; 15,4; 5,2; 4,WT,WT,,1
32,591-690-886,m,67.0,2,O,pos,2; 3,39; 44,5; 7,7; 14,2; 5,4; 4,WT,WT,,0
34,731-668-314,m,49.0,1,O,pos,1; 32,8; 38,7; 12,14; 15,5; 6,4; 4,WT,WT,,0
35,257-497-342,m,39.0,3,O,pos,11; 11,15; 55,3; 4,12; 12,3; 3,5; 5,WT,WT,,1
36,167-569-561,m,70.0,6,B,neg,3; 23,7; 44,4; 7,15; 15,6; 6,3; 4,WT,WT,,1
37,190-989-789,m,63.0,7,A,pos,2; 11,7; 7,7; 7,4; 15,3; 6,4; 4,WT,WT,,1
38,535-647-632,m,42.0,2,AB,pos,1; 32,35; 57,4; 6,7; 13,3; 5,4; 4,WT,het,,0
39,207-251-021,f,47.0,2,A,neg,3; 25,7; 13,6; 7,3; 7,2; 2,4; 4,WT,WT,,0
40,025-362-306,m,56.0,2,O,neg,2; 3,15; 40,3; 3,4; 7,2; 3,6; 15,WT,WT,,0
41,166-354-869,f,32.0,2,A,neg,2; 68,14; 27,2; 8,13; 15,3; 6,2; 19,WT,WT,,0
42,512-035-658,m,52.0,2,B,neg,1; 24,8; 44,4; 7,3; 11,2; 3,1; 17,WT,WT,,0
43,333-090-200,f,50.0,3,B,pos,1; 2,8; 57,6; 7,3; 15,2; 6,4; 13,WT,WT,,1
44,483-107-863,f,32.0,2,O,pos,2; 2,44; 51,4; 4,7; 16,2; 5,13; 14,WT,WT,,0
46,771-062-744,m,89.0,4,B,pos,11; 33,14; 38,8; 12,1; 3,2; 5,1; 2,WT,WT,,1
47,418-699-145,f,51.0,2,A,pos,2; 3,15; 51,2; 6,13; 13,6; 6,4; 9,WT,WT,,0
48,769-951-206,m,55.0,2,O,pos,2; 24,7; 38,7; 12,15; 15,6; 6,2; 10,WT,WT,,0
49,222-486-877,m,54.0,5,O,pos,11; 68,53; 55,3; 4,1; 13,5; 6,4; 10,WT,WT,,1
50,364-783-512,f,28.0,2,A,pos,2; 24,40; 51,14; 15,8; 11,3; 3,4; 16,WT,WT,,0
51,485-097-492,m,30.0,2,A,pos,2; 11,35; 56,4; 4,8; 15,4; 6,13; 26,WT,WT,,0
52,221-740-027,m,56.0,4,A,pos,3; 24,7; 7,7; 7,4; 15,3; 6,3; 4,WT,WT,,1
53,378-030-51X,m,56.0,2,A,pos,11; 24,40; 51,3; 15,4; 11,3; 3,3; 4,WT,WT,,0
54,670-083-072,m,38.0,2,A,pos,3; 11,35; 35,4; 5,7; 11,2; 3,3; 4,WT,WT,,0
55,700-037-817,f,54.0,2,O,pos,1; 2,8; 39,7; 7,3; 8,2; 4,3; 4,WT,WT,,0
56,162-494-592,m,51.0,2,O,pos,2; 25,8; 18,7; 12,3; 13,2; 6,4; 14,WT,WT,,0
57,911-325-776,m,42.0,2,A,pos,1; 3,8; 15,3; 7,3; 4,2; 3,1; 10,WT,WT,,0
58,569-315-811,f,29.0,1,B,pos,2; 32,27; 57,1; 6,3; 14,2; 5,4; 5,WT,WT,,0
59,996-516-968,m,59.0,4,O,neg,29; 68,8; 45,6; 7,3; 4,2; 3,4; 10,WT,WT,,1
60,202-854-250 ??,,,2,A,pos,2; 25,14; 18,8; 12,1; 16,5; 5,3; 4,WT,WT,,0
61,353-767-567,f,42.0,2,O,pos,2; 3,18; 38,7; 12,3; 15,2; 5,2; 126,WT,WT,,0
62,272-518-57X,m,49.0,2,O,pos,1; 2,15; 51,7; 16,4; 7,3; 3,4; 4,WT,WT,,0
63,434-719-501,f,28.0,2,O,pos,2; 2,15; 44,4; 16,4; 7,2; 3,1; 15,WT,WT,,0
64,685-660-925,m,30.0,2,O,neg,2; 68,7; 53,4; 7,13; 15,6; 6,4; 4,WT,WT,,0
65,269-966-406,m,30.0,2,O,pos,1; 24,27; 57,5; 6,7; 11,3; 3,4; 4,WT,WT,,0
66,345-154-632,m,18.0,2,O,neg,3; 32,7; 7,7; 7,8; 15,4; 6,4; 4,WT,WT,,0
67,498-806-641,m,29.0,2,O,neg,3; 3,7; 7,7; 7,15; 15,6; 6,3; 4,WT,WT,,0
68,350-063-53X,f,39.0,2,O,pos,1; 24,14; 27,6; 7,3; 7,2; 2,1; 17,WT,WT,,0
69,757-643-364,f,58.0,2,A,pos,2; 2,40; 45,3; 6,10; 13,5; 6,3; 3,WT,WT,,0
70,836-119-758,m,36.0,2,A,neg,1; 32,8; 14,7; 8,3; 7,2; 2,4; 4,WT,WT,,0
71,839-509-573,m,35.0,2,O,pos,2; 68,40; 44,1; 5,1; 4,3; 5,5; 20,WT,WT,,0
72,850-975-781,m,46.0,2,A,pos,1; 3,7; 15,7; 7,4; 12,3; 3,4; 4,WT,WT,,0
73,152-072-322,f,33.0,1,A,pos,,,,,,,WT,WT,,0
74,190-718-784,f,60.0,2,O,pos,3; 68,7; 44,7; 7,7; 13,2; 6,350; 905,WT,WT,,0
75,150-374-454,m,46.0,2,A,pos,2; 24,18; 50,6; 12,7; 11,2; 3,4; 9,WT,WT,,0
76,784-509-889,f,50.0,1,A,neg,1; 68,8; 53,4; 7,3; 13,2;6,104; 4,het,WT,,0
77,572-381-458,f,51.0,2,O,pos,24; 26,7; 27,2; 7,15; 15,6; 6,3; 4,WT,WT,,0
78,458-556-450,m,55.0,2,O,pos,1; 24,7; 51,7; 14,13; 15,6; 6,2; 2,WT,WT,,0
80,271-124-340,f,26.0,2,A,pos,1; 30,8; 13,6; 7,3; 7,2; 2,4; 4,WT,WT,,0
81,383-803-688,m,59.0,2,A,pos,23; 24,15; 56,3; 4,3; 7,2; 2,13; 13,WT,WT,,0
82,225-428-740,f,32.0,1,A,pos,1; 3,7; 55,3; 7,11; 15,3; 6,3; 4,WT,WT,,0
83,809-068-267,f,40.0,2,B,pos,2; 2,15; 44,3; 16,4; 14,3; 5,2; 2,WT,WT,,0
84,446-947-199,m,37.0,2,AB,pos,2; 32,44; 50,5; 6,7; 11,2; 3,2; 4,WT,WT,,0
85,886-407-631,m,30.0,2,B,pos,3; 29,7; 35,4; 15,11; 13,3; 6,4; 17,WT,WT,,0
86,102-116-887,f,39.0,2,A,pos,2; 31,51; 51,15; 15,11; 13,3; 6,2; 2,WT,WT,,0
87,813-355-105,f,41.0,2,B,pos,1; 30,18; 37,5; 6,3; 10,2; 5,2; 2,WT,WT,,0
88,713-866-06X,f,22.0,2,O,pos,2; 3,7; 14,7; 8,13; 15,3; 5,2; 2,WT,WT,,0
89,173-465-962,m,53.0,2,A,pos,,,,,,,,,,0
90,361-790-843,m,50.0,2,O,pos,3; 32,7; 7,7; 7,8; 15,4; 6,3; 16,WT,WT,,0
91,789-682-603,m,25.0,2,O,pos,3; 3,7; 57,6; 7,15; 15,6; 6,3; 4,WT,WT,,0
92,664-192-89X,m,57.0,2,A,pos,1; 68,44; 44,4; 5,4; 7,2; 3,4; 4,WT,WT,,0
93,887-556-055,m,35.0,2,B,pos,1; 2,13; 15,3; 6,4; 7,2; 3,4; 17,WT,WT,,0
94,509-340-653,f,34.0,2,B,pos,11; 33,14; 35,4; 8,1; 1,5; 5,2; 104,WT,WT,,0
95,333-114-313,m,41.0,2,A,pos,2; 25,40; 44,3; 4,4; 10,3; 5,3; 4,WT,WT,,0
96,839-711-416,f,42.0,4,O,pos,3; 26,38; 51,1; 12,13;,3; 6,4; 5,WT,WT,,1
97,010-458-68X,f,29.0,2,B,pos,25; 31,40; 44,3; 5,4; 15,3; 6,1; 3,WT,WT,,0
98,496-253-081,f,27.0,2,O,pos,1; 11,7; 40,3; 7,4; 15,3; 6,1; 4,WT,WT,,0
99,926-572-437,f,49.0,2,O,pos,23; 24,49; 49,7; 7,1; 11,3; 5,104; 4,WT,WT,,0
100,445-733-819,f,25.0,1,B,pos,2; 23,49; 49,7; 7,4; 11,3; 3,4; 13,WT,WT,,0
101,870-849-021,m,20.0,3,O,pos,1; 25,18; 40,2; 5,3; 11,2; 3,4; 4,WT,WT,,1
102,206-864-701,f,21.0,2,A,pos,2; 24,35; 40,3; 4,11; 13,3; 6,4; 4,WT,WT,,0
103,444-536-516,f,51.0,2,A,pos,2; 3,40; 40,3; 3,4; 7,2; 3,4; 4,WT,WT,,0
104,212-805-465,m,48.0,2,O,pos,2; 2,7; 44,5; 7,13; 15,6; 6,4; 4,het,WT,,0
105,088-846-41X,f,49.0,2,A,pos,2; 68,8; 53,4; 7,12; 13,3; 6,2; 4,het,WT,,0
106,237-400-503,m,30.0,1,A,pos,2; 2,13; 51,6; 15,7; 13,2; 6,4; 17,WT,WT,,0
107,884-768-138,f,43.0,2,B,pos,2; 30,13; 18,5; 6,3; 10,2; 5,3; 4,WT,WT,,0
108,258-921-235,m,58.0,2,A,pos,1; 3,7; 8,7; 7,9; 15,3; 6,2; 4,WT,WT,,0
109,954-920-961,m,56.0,5,O,pos,2; 24,15; 51,3; 15,13; 15,6; 6,2; 2,WT,WT,,1
110,496-556-331,f,56.0,2,A,pos,2; 68,14; 51,8; 15,8; 13,3; 4,2; 4,WT,WT,,0
111,709-955-399,f,50.0,2,O,pos,2; 2,7; 44,5; 7,4; 11,3; 3,1; 4,WT,WT,,0
112,829-733-670,m,49.0,2,A,pos,11; 30,18; 51,5; 15,3; 3,2; 2,4; 13,WT,WT,,0
113,430-833-824,f,49.0,2,O,pos,1; 26,35; 44,3; 4,1; 7,2; 5,2; 17,WT,WT,,0
114,148-254-269,m,36.0,2,B,pos,3; 26,7; 27,1; 7,1; 15,5; 6,2; 3,WT,WT,,0
115,127-462-943,f,49.0,3,A,neg,11; 29,45; 58,3; 6,13; 15,6; 6,2; 3,WT,WT,,1
116,494-638-071,f,27.0,2,O,pos,2; 3,38; 50,6; 12,7; 7,2; 3,4; 4,WT,WT,,0
117,596-248-41X,f,41.0,2,O,pos,2; 11,44; 51,7; 15,4; 11,3; 3,4; 15,WT,WT,,0
118,832-926-302,m,55.0,3,O,pos,2; 68,44; 44,4; 5,13;   13,6; 6,4; 14,WT,WT,,1
119,904-439-516,f,40.0,2,O,pos,2; 30,14; 18,5; 8,7; 11,2; 3,4; 4,WT,WT,,0
120,534-569-32X,f,22.0,2,A,pos,68; 68,13; 50,6; 16,7; 13,2; 3,104; 4,WT,WT,,0
121,963-252-977,f,51.0,2,A,pos,2; 68,7; 44,5; 7,7; 15,2; 6,2; 4,WT,WT,,0
122,028-342-839,f,33.0,2,A,pos,1; 2,13; 18,6; 7,7; 11,2; 3,3; 4,WT,WT,,0
123,920-669-922,f,75.0,4,O,pos,3; 3,7; 35,4; 7,1; 15,5; 6,4; 4,WT,WT,,1
124,816-579-197 ?,m,64.0,4,A,pos,2; 32,35; 44,4; 5,15; 15,6; 6,2; 2,het,het,,1
125,484-671-379,m,60.0,4,O,pos,2; 23,8; 44,2; 7,3; 7,2; 2,4; 835,WT,WT,,1
126,064-834-007,m,81.0,7,O,pos,1; 3,15; 51,7; 14,1; 13,5; 6,2; 4,WT,WT,,1
127,315-743-895,m,56.0,5,O,pos,24; 24,35; 51,04; 16,8; 13,3; 6,2; 4,WT,WT,,1
128,398-742-547,f,52.0,3,O,pos,1; 3,7; 7,7; 7,12; 15,3; 6,4; 4,WT,WT,,1
129,213-475-675,m,37.0,5,A,pos,11; 32,35; 40,4; 15,4; 7,3; 3,4; 4,WT,WT,,1
130,768-446-037,m,67.0,4,A,pos,2; 68,44; 52,7; 12,11; 15,3; 6,4; 4,WT,WT,,1
131,920-941-728,m,34.0,4,O,pos,2; 30,39; 53,4; 7,4; 13,2; 6,104; 4,WT,WT,,1
132,762-588-019,m,82.0,4,O,pos,11; 24,35; 52,2; 12,11; 15,3; 6,3; 4,WT,WT,,1
133,718-177-09X,m,34.0,3,A,pos,11; 11,52; 52,12; 12,15; 15,6; 6,2; 2,WT,WT,,1
134,852-786-62X,f,41.0,4,A,pos,29; 30,53; 58,4; 7,1; 3,4; 5,1; 104,WT,WT,,1
135,896-978-151,f,80.0,4,A,pos,2; 3,7; 35,2; 7,12; 15,3; 6,4; 4,WT,WT,,1
136,944-910-164,m,41.0,3,AB,pos,1; 32,35; 57,4; 6,7; 15,3; 6,4; 4,WT,WT,,1
137,476-782-942,m,49.0,3,O,pos,29; 29,15; 49,3; 7,12; 15,5; 6,2; 665,WT,WT,,1
138,517-380-416,m,52.0,4,A,pos,2; 3,7; 35,4; 7,3; 16,2; 5,4; 4,WT,WT,,1
139,714-186-43X,m,65.0,4,A,pos,2; 24,38; 49,7; 12,11; 13,3; 6,2; 4,WT,WT,,1
140,724-453-418,m,82.0,4,A,pos,2; 2,15; 39,2; 3,1; 1,5; 5,4; 4,WT,WT,,1
141,127-256-263,m,65.0,5,A,pos,11; 24,39; 51,7; 16,1; 13,5; 6,4; 10,WT,WT,,1
142,517-274-509,m,59.0,4,A,pos,2; 33,8; 53,4; 7,3; 13,2; 6,4; 4,WT,WT,,1
143,019-434-480,m,76.0,4,O,pos,3; 30,49; 55,1; 7,3; 11,2; 3,3; 4,WT,WT,,1
144,177-704-107,f,22.0,4,A,pos,2; 3,15; 35,3; 4,4; 13,6; 6,4; 4,WT,WT,,1
145,758-973-888,f,68.0,4,O,pos,2; 29,44; 51,15; 16,11; 15,3; 6,1; 4,,,,1
146,754-833-757,m,77.0,4,A,pos,1; 2,15; 57,4; 7,1; 7,3; 5,4; 4,WT,WT,,1
147,559-337-332,m,73.0,4,O,pos,33; 68,15; 35,2; 4,13; 15,6; 6,1; 18,WT,WT,,1
148,637-033-267,m,68.0,4,A,pos,3; 30,13; 14,6; 8,1; 7,2; 5,4; 4,WT,WT,,1
149,294-290-951,m,63.0,4,O,pos,24; 26,51; 52,7; 12,11; 15,3; 6,4; 4,WT,WT,,1
150,730-343-887,m,57.0,4,O,pos,2; 29,13; 44,6; 16,7; 7,2; 2,4; 11,WT,WT,,1
151,785-575-009,,,5,A,pos,1; 32,40; 44,2; 2,1; 12,3; 5,2; 4,WT,WT,,1
152,411-327-441,m,92.0,4,A,pos,3; 3,15; 47,3; 6,4; 13,3; 6,1; 5,WT,WT,,1
153,717-237-879,f,66.0,4,A,pos,2; 68,18; 53,4; 7,4; 13,3; 6,4; 4,WT,WT,,1
154,364-064-157,f,65.0,3,AB,pos,2; 3,38; 44,5; 12,11; 13,3; 6,2; 2,het,WT,,1
155,620-730-952,f,71.0,4,O,neg,1; 68,44; 44,5; 5,1; 15,5; 6,4; 23,WT,WT,,1
156,516-746-775,m,80.0,4,A,neg,3; 3,7; 15,7; 7,4; 4,3;3,,WT,WT,,1
157,661-623-105,m,68.0,5,O,neg,11; 23,44; 49,5; 7,4; 13,2; 6,,WT,WT,,1
158,036-034-086,m,70.0,4,A,pos,2;68,27;44,2;7,11,3,1;4,het,WT,,1
159,026-862-75X,m,54.0,4,A,pos,2;3,7;44,5;7,4;15,3;6,2;4,WT,WT,,1
160,011-094-410,f,58.0,3,O,pos,2;2,14;44,5;15,11;15,3;6,4;23,WT,WT,,1
161,247-836-730,m,53.0,3,B,pos,32;33,35;51,1;4,11,3,3;15,WT,WT,,1
162,433-275-35X,m,29.0,3,A,neg,,,,,,,WT,WT,,1
